name,gender,race
barjraj,m,indian
ramdin verma,m,indian
sharat chandran,m,indian
birender mandal,m,indian
amit,m,indian
kushal,m,indian
kasid,m,indian
shiv prakash,m,indian
vikram singh,m,indian
sanjay,m,indian
abhi,m,indian
ram dutt gupta,m,indian
khadak singh,m,indian
gurmit singh,m,indian
chanderpal,m,indian
aman,m,indian
khursid,m,indian
rajeev,m,indian
durgesh,m,indian
nahar singh,m,indian
ram kumar,m,indian
sunder paal,m,indian
maansingh aswal,m,indian
rohit,m,indian
rohit,m,indian
sparsh,m,indian
santosh,m,indian
santosh,m,indian
punit khandelwal,m,indian
dinesh,m,indian
gulshan,m,indian
arvind kumar yadav,m,indian
nausad,m,indian
gurmit singh,m,indian
md. afsar,m,indian
shiv shakti singh,m,indian
moti lal,m,indian
kausal kumar,m,indian
rohit,m,indian
rohit,m,indian
mohabbat ali,m,indian
raj kumar,m,indian
jaswant singh,m,indian
sevak @ pitambar lal,m,indian
chotelal,m,indian
amit,m,indian
rupesh,m,indian
midda,m,indian
dharam singh,m,indian
manoj yadav @ manoj,m,indian
ram singh,m,indian
preetam kumar,m,indian
ram kumar,m,indian
sarain,m,indian
pankaj kumar,m,indian
sheak shakir,m,indian
riyasat ali,m,indian
vinit katariya,m,indian
sumit,m,indian
arindra,m,indian
kali charan,m,indian
badshya khan,m,indian
vikash,m,indian
devinder chadda,m,indian
aman,m,indian
mohan singh,m,indian
hemant,m,indian
shivam,m,indian
yash mittal,m,indian
aakash,m,indian
chandesh,m,indian
sumit mitra,m,indian
supriyal sen,m,indian
gajender singh @ goldy,m,indian
pooran chand sharma,m,indian
irfan,m,indian
azaruddin,m,indian
mukul yadav,m,indian
pooran chand sharma,m,indian
manoj,m,indian
sanjay charee,m,indian
raja babu,m,indian
pawan,m,indian
sandeep,m,indian
rajkumar chawla,m,indian
parvesh,m,indian
mohd ataullah,m,indian
neeraj kumar,m,indian
jamil khan,m,indian
yogita,m,indian
rijul aggarwal,m,indian
mohd shakib,m,indian
rahul kumar,m,indian
rajender,m,indian
suraj,m,indian
rizwan,m,indian
sandeep,m,indian
md mustafa,m,indian
har parsad,m,indian
deepak,m,indian
rahul,m,indian
abhishekh,m,indian
shelender yadav,m,indian
sanjay,m,indian
ankit,m,indian
mohd aakib,m,indian
surender singh chauhan,m,indian
amit,m,indian
arjun,m,indian
rahul sharma,m,indian
keshar ansari,m,indian
raju @ chhotu,m,indian
kuldeep singh,m,indian
santlal@golu,m,indian
lalit rana,m,indian
pulkit sharma,m,indian
aman soni @ badal,m,indian
jahoor ahmed meer,m,indian
sumit,m,indian
tammanne,m,indian
kailash kumar,m,indian
bhagwati prasad,m,indian
ajay,m,indian
silender,m,indian
deepak,m,indian
akhilesh,m,indian
dipendra kumar,m,indian
nitin,m,indian
doodhnath pandit,m,indian
aslam allam,m,indian
rahul,m,indian
jitender kumar,m,indian
adnan,m,indian
vijay,m,indian
yogesh,m,indian
kabir,m,indian
sarvesh,m,indian
rakesh sarkar,m,indian
akash gupta,m,indian
rahul,m,indian
pintu thakur,m,indian
vivek,m,indian
mohd khairul,m,indian
farmaan khan,m,indian
vansu dev,m,indian
vansu dev,m,indian
shyam kumar,m,indian
shafibul,m,indian
lalit kathuriya,m,indian
pooran chand,m,indian
aamir hussain,m,indian
kamal jit singh,m,indian
shiv kumar,m,indian
mayank chaudhary @ rahul,m,indian
rohit,m,indian
som dutt,m,indian
bablu regar,m,indian
rohit,m,indian
rajkumar,m,indian
mubarik,m,indian
niraj,m,indian
sarbjeet @ ronak,m,indian
axat,m,indian
amit,m,indian
anubhav shrivastab,m,indian
akkash,m,indian
himanshu,m,indian
harsh dagar,m,indian
anil kumar,m,indian
vijay virmani,m,indian
vivek auhari,m,indian
sachin,m,indian
subhash chand bhatia,m,indian
bhupender,m,indian
raghunandan das,m,indian
sanjay,m,indian
ajay kumar,m,indian
yognder,m,indian
subhash,m,indian
arun @ vicky,m,indian
rahul,m,indian
vikas,m,indian
vinod,m,indian
salman,m,indian
mohan kumar,m,indian
sandeep meghawal,m,indian
imamudeen,m,indian
sandeep kumar,m,indian
tarjan,m,indian
kuldeep singh,m,indian
murari,m,indian
ramvilash,m,indian
jagdish,m,indian
vishal @ moni,m,indian
mohd shahid,m,indian
ramvilash,m,indian
kuldeep,m,indian
talim,m,indian
nanku prasad,m,indian
bhola sarkar,m,indian
balraj,m,indian
ravindra kumar,m,indian
rohit kumar,m,indian
uttam kumar @ sanki,m,indian
babalu sen,m,indian
rustam shah,m,indian
sukhdev,m,indian
b vikjay kumar,m,indian
dolly @ rekha w/o monto shah,m,indian
gopal sharma,m,indian
beeru,m,indian
vipin,m,indian
manish garg,m,indian
guddu,m,indian
jatin @ sonu,m,indian
amit kumar,m,indian
amit kumar,m,indian
shadab,m,indian
rakesh,m,indian
guddu,m,indian
abhishek,m,indian
gulfam,m,indian
phoolwati @ phoolo devi,m,indian
mohit maan,m,indian
veer bhan singh,m,indian
dinesh kumar,m,indian
amarjeet,m,indian
satyadev,m,indian
mohd. mukhtaar,m,indian
rishi,m,indian
esrail khan,m,indian
suresh kumar,m,indian
pankaj chand,m,indian
ajay narayan,m,indian
mohit @ himanshu,m,indian
sumit,m,indian
saddam,m,indian
nikhleshwar bhagat,m,indian
jai singh,m,indian
deepak,m,indian
sunil kumar,m,indian
ram kishan,m,indian
arun,m,indian
virender,m,indian
bishun,m,indian
pritam singh,m,indian
akash gupta,m,indian
kishan,m,indian
mohd kausar,m,indian
sachin,m,indian
harman singh,m,indian
deepak,m,indian
rajbir,m,indian
vinod lal,m,indian
,m,indian
chander shaker,m,indian
shivani,f,indian
isha,f,indian
smt shyani devi,f,indian
divya,f,indian
mansi,f,indian
mazida,f,indian
pooja,f,indian
kajal,f,indian
meena,f,indian
sonam,f,indian
buity,f,indian
hina,f,indian
shakshi sagar,f,indian
pooja,f,indian
anita,f,indian
neetu,f,indian
anshu d/o,f,indian
kanika kathuria,f,indian
manju,f,indian
shakshi,f,indian
anita,f,indian
reena,f,indian
neha,f,indian
khushboo,f,indian
aasmin,f,indian
jyoti,f,indian
riya masi,f,indian
rekha,f,indian
leela with a child,f,indian
isha,f,indian
gulshan,f,indian
priya jain,f,indian
pooja,f,indian
rakhi @payal,f,indian
versha,f,indian
sunita,f,indian
nitu kumari,f,indian
vandana,f,indian
roshni,f,indian
parveen,f,indian
versa,f,indian
kavita,f,indian
pooja,f,indian
sarojani,f,indian
nagina,f,indian
tapas das,f,indian
priyanka,f,indian
santna,f,indian
khushbu,f,indian
pooja,f,indian
any bobby,f,indian
deeya kumari,f,indian
anjali juneja,f,indian
anjali @ babli,f,indian
champa karketta,f,indian
anshu,f,indian
monika,f,indian
rimmi singh,f,indian
aanamika misra,f,indian
chahat,f,indian
manju,f,indian
nagma khatoon,f,indian
pooja,f,indian
sonam,f,indian
koshal,f,indian
laxmi devi w/o late sh hukan chand,f,indian
sandhya,f,indian
poonam,f,indian
sna,f,indian
nikita senger,f,indian
layba noor,f,indian
iqra,f,indian
salima,f,indian
naziya siddiqui,f,indian
priti,f,indian
kamni,f,indian
sandhya,f,indian
renu @ rinki,f,indian
priya,f,indian
pooja,f,indian
minakchi,f,indian
ruby,f,indian
smt.farhana baigum,f,indian
sheetal,f,indian
kalyani patro,f,indian
anjali,f,indian
priyanka,f,indian
palak @ simran,f,indian
babita,f,indian
gurdeep kaur,f,indian
dhanwanti  devi,f,indian
fooljhnah,f,indian
vandana,f,indian
smt. gyatri devi,f,indian
shehnaz,f,indian
kajal,f,indian
pooja,f,indian
ranju,f,indian
vidhi,f,indian
pooja kashyap,f,indian
jyoti,f,indian
meena kumari,f,indian
"savita, sagar, panap",f,indian
reena devi,f,indian
neha,f,indian
payal goyala,f,indian
rakhi,f,indian
priynka,f,indian
janki,f,indian
laxmi  kumari,f,indian
rinku malav,f,indian
sohni,f,indian
basnti,f,indian
meera,f,indian
pinki,f,indian
shivani,f,indian
kiran devi,f,indian
sonia,f,indian
doly,f,indian
raj kumari,f,indian
manisha,f,indian
laxmi devi,f,indian
swati joshi,f,indian
aashiya,f,indian
reena,f,indian
vimla,f,indian
suman,f,indian
sunita,f,indian
sunita,f,indian
karina @ kavita,f,indian
pooja jayshwal,f,indian
pooja prajapati @ pratibha,f,indian
seema,f,indian
kranti,f,indian
neha,f,indian
dimpal @doli,f,indian
aarti devi,f,indian
sashi mittal,f,indian
pooja,f,indian
preeti,f,indian
priyanka,f,indian
shajiya,f,indian
priya sexena,f,indian
preeti,f,indian
shanti devi,f,indian
sitara,f,indian
aakanksha,f,indian
charu,f,indian
pinki,f,indian
nilam devi,f,indian
chango uraon,f,indian
shiv kumari,f,indian
kaushaliya,f,indian
babita,f,indian
mangla urf mangi bai,f,indian
grace p.a.,f,indian
usha,f,indian
smt rubi,f,indian
nisha @ chinu,f,indian
subhadra,f,indian
lalita,f,indian
asma khatun,f,indian
anjali,f,indian
kalawati,f,indian
seema,f,indian
santosh singal,f,indian
priyanka,f,indian
tina,f,indian
chanchal,f,indian
mercy,f,indian
poonam,f,indian
smt. manju,f,indian
varsha,f,indian
huma khan,f,indian
gulbasha,f,indian
seema khatun,f,indian
seema,f,indian
roshni,f,indian
rahila maqbool,f,indian
kajal choudhary,f,indian
preeti,f,indian
geeta devi,f,indian
swati thakur,f,indian
pooja,f,indian
shenaz,f,indian
rinki,f,indian
chandni,f,indian
priyanka,f,indian
ruksana,f,indian
vivek kumar,f,indian
kiran,f,indian
nisha,f,indian
heena d/o zamil akhtar,f,indian
jyoti,f,indian
rajni,f,indian
nidhi kumari,f,indian
seema @ simran,f,indian
usha devi,f,indian
kajal,f,indian
mala devi @ nisha,f,indian
khushbu,f,indian
meena,f,indian
hamida khatun,f,indian
chanchal,f,indian
aarti,f,indian
kanchan,f,indian
pooja,f,indian
jyoti,f,indian
priyaki rav,f,indian
ranu tiwari,f,indian
anita devi,f,indian
leelawati,f,indian
sunita,f,indian
manju devi,f,indian
kamla,f,indian
arti,f,indian
pooja,f,indian
,f,indian
mamta,f,indian
anju,f,indian
priyanka,f,indian
aarti,f,indian
noor bano,f,indian
saroj,f,indian
chandni,f,indian
rosy massey,f,indian
poonam,f,indian
rinukanwr,f,indian
poonam,f,indian
shalu,f,indian
sneha,f,indian
neetu,f,indian
komal,f,indian
sapna,f,indian
sashi,f,indian
devki,f,indian
priya @ nandani,f,indian
pooja & his daughter partigya,f,indian
aarti,f,indian
pooja,f,indian
sahin,f,indian
sunita,f,indian
shalu,f,indian
anita,f,indian
asha kumari,f,indian
komal,f,indian
kusum,f,indian
archna,f,indian
himanshi @ roshani,f,indian
jyoti,f,indian
jyoti,f,indian
aarti,f,indian
anuradha,f,indian
durga,f,indian
km sunita,f,indian
sony jha,f,indian
sheetal,f,indian
preety,f,indian
rubina,f,indian
sangeeta,f,indian
madhuri sharma,f,indian
shabanm,f,indian
sunita,f,indian
meena,f,indian
meenu chawla,f,indian
nisha,f,indian
roshni,f,indian
amar deep kaur,f,indian
jyoti,f,indian
shakshi,f,indian
neelam,f,indian
aarti,f,indian
smt sunita,f,indian
rajia,f,indian
devi,f,indian
sita,f,indian
rubi,f,indian
jyoti,f,indian
priyansi,f,indian
nandu,f,indian
nazmin,f,indian
neha,f,indian
varsha,f,indian
tripti,f,indian
ramvati,f,indian
vandana,f,indian
afsana,f,indian
farida begam,f,indian
khushbu,f,indian
neha,f,indian
arti,f,indian
simran,f,indian
ranita,f,indian
yogita tiwari,f,indian
asha,f,indian
kiran devi,f,indian
pooja,f,indian
soniya,f,indian
hemlata,f,indian
priyanka,f,indian
kajal,f,indian
sushma,f,indian
kavita,f,indian
ranjana,f,indian
benjir heena mohd.,f,indian
manju,f,indian
soniya,f,indian
seema,f,indian
komal,f,indian
salma,f,indian
rukshana,f,indian
palak,f,indian
astha,f,indian
fahija,f,indian
reeta,f,indian
noojo khatoon,f,indian
chaya,f,indian
vandana,f,indian
pooja,f,indian
mamta,f,indian
kiran,f,indian